{
  "Total" : {
    "transaction" : "Total",
    "sampleCount" : 166,
    "errorCount" : 0,
    "errorPct" : 0.0,
    "meanResTime" : 685.6204819277109,
    "medianResTime" : 568.5,
    "minResTime" : 489.0,
    "maxResTime" : 2943.0,
    "pct1ResTime" : 1102.6000000000022,
    "pct2ResTime" : 1693.3500000000022,
    "pct3ResTime" : 2333.970000000011,
    "throughput" : 2.707375150862772,
    "receivedKBytesPerSec" : 12.590352019930195,
    "sentKBytesPerSec" : 0.34635365699513976
  },
  "Class 10 Book API" : {
    "transaction" : "Class 10 Book API",
    "sampleCount" : 166,
    "errorCount" : 0,
    "errorPct" : 0.0,
    "meanResTime" : 685.6204819277109,
    "medianResTime" : 568.5,
    "minResTime" : 489.0,
    "maxResTime" : 2943.0,
    "pct1ResTime" : 1102.6000000000022,
    "pct2ResTime" : 1693.3500000000022,
    "pct3ResTime" : 2333.970000000011,
    "throughput" : 2.707375150862772,
    "receivedKBytesPerSec" : 12.590352019930195,
    "sentKBytesPerSec" : 0.34635365699513976
  }
}